date_on_card,name,company_type,created_utc,last_edited_utc,audio_file_and_id
"2023-01-18","Арина","Software Development","2023-08-07","2024-11-12","telegram_audio_14.mp3 #1662328b"
"2023-01-31","Гриша","Fintech","2023-08-07","2024-11-10","telegram_audio_10.mp3 #8e5ef22e"
"2023-03-02","Аня","Healthcare","2023-08-07","2024-11-16","telegram_audio_13.mp3 #483452b5"
"2023-03-13","Игорь","Fintech","2023-08-07","2024-09-14","telegram_audio_6.mp3 #005ab20a"
"2023-03-17","Олег","Outsource","2023-08-29","2023-10-10","2023-08-29-21.24.31.mp3 #8579625f"
"2023-03-17","Павел","Outsource","2023-08-07","2023-08-21","%D1%83%D0%BB%D0%B8%D1%86%D0%B0_%D0%94%D1%80%D1%83%D0%B6%D0%B1%D1%8B.m4a #ac0e368a"
"2023-03-23","Егор","E-commerce","2023-08-07","2024-11-10","telegram_audio_3.mp3 #bfe3bcf8"
"2023-03-31","Настя","Telecom","2023-08-07","2023-08-21","telegram_audio_8.mp3 #734f9b86"
"2023-04-01","Ваня","Software Development","2023-08-07","2024-09-14","telegram_audio_15.mp3 #3bbff7e6"
"2023-04-07","Дима 2","Fintech","2023-08-07","2024-11-10","telegram_audio_11.mp3 #fe267150"
"2023-04-07","Николай","Fintech","2023-08-29","2024-09-14","2023-08-29-21.24.22.mp3 #73eea28b"
"2023-04-16","Ярик","E-commerce","2023-08-07","2023-08-21","telegram_audio_5.mp3 #9c69b8a4"
"2023-05-01","Аня","Outsource","2023-08-07","2023-08-21","telegram_audio_4.mp3 #eda506d6"
"2023-05-11","Сергей","Outsource","2023-08-07","2023-08-21","telegram_audio_12.mp3 #18c9c4f8"
"2023-05-25","Элеонора","Fintech","2023-08-07","2023-08-21","telegram_audio_17.mp3 #37f023d3"
"2023-06-01","Слава","Fintech","2023-08-07","2023-10-11","2023-08-07_17.06.25.mp3 #8850509c"
"2023-06-10","Никита","E-commerce","2023-08-07","2023-08-21","telegram_audio_16.mp3 #3af7d2af"
"2023-07-27","Аня","E-commerce","2023-08-07","2024-11-16","telegram_audio_18.mp3 #983a0cfb"
"2024-01-08","Влад","Software Development","2024-11-12","2024-11-16","audio_2024-11-12_18-11-46.mp3 #e1bc6bf5"
"2024-01-31","Юра","Outsource","2024-11-12","2024-11-17","audio_2024-11-12_18-11-57.mp3 #95911340"
"2024-02-11","Святослав","Software Development","2024-11-12","2024-11-17","audio_2024-11-12_18-12-16.mp3 #0aa82afc"
"2024-02-20","Гоша","E-commerce","2024-11-12","2024-11-17","audio_2024-11-12_18-12-21.mp3 #4015f720"
"2024-07-31","Женя","Fintech","2023-08-07","2026-03-26","telegram_audio_7.mp3 #301f39cb"
"2024-08-02","Алексей","Software Development","2023-10-11","2026-03-26","telegram_audio-2_1.mp3 #5597b191"
"2024-08-02","Дима","E-commerce","2023-10-10","2026-03-26","telegram_audio_9.mp3 #91769716"
"2024-08-10","Соня","Telecom","2023-08-21","2026-03-26","telegram_audio-2_1.mp3 #9ef934cc"
"2024-08-15","Андрей","Fintech","2023-08-21","2026-03-26","telegram_audio-3.mp3 #01233b87"
"2024-08-18","Даня","Software Development","2023-08-21","2026-03-26","telegram_audio.mp3 #19dc3bea"
"2024-09-02","Петр","E-commerce","2023-10-11","2026-03-26","telegram_audio-5.mp3 #ff9f35b5"
"2024-09-15","Станислав","Fintech","2023-10-11","2026-03-26","telegram_audio-3.mp3 #75bc0ac0"
"2024-09-26","Григорий","Telecom","2023-10-11","2026-03-26","telegram_audio-4.mp3 #951d2cab"
"2024-10-01","Роман","Fintech","2023-08-07","2026-03-26","2023-08-07_17.06.25.mp3 #8850509c"
"2024-10-03","Кирилл","Outsource","2023-10-11","2026-03-26","telegram_audio.mp3 #d2ae3790"
"2024-10-11","Богдан","E-commerce","2023-08-07","2026-03-26","%D0%A3%D0%BB%D0%B8%D1%86%D0%B0.mp3 #4ffba696"
"2025-02-27","Роман","Software Development","2024-11-12","2026-03-26","audio_2024-11-12_18-12-32.mp3 #be8028f9"
"2025-03-02","Владимир","Fintech","2024-11-12","2026-03-26","audio_2024-11-12_18-12-42.mp3 #ff6196e0"
"2025-03-19","Александр","Outsource","2024-11-12","2026-03-26","audio_2024-11-12_18-12-46.mp3 #b81653f8"
"2025-03-28","Артур","Healthcare","2024-11-12","2026-03-26","audio_2024-11-12_18-12-49.mp3 #65464018"
"2025-04-11","Алиса","Software Development","2024-11-12","2026-03-26",""
"2025-04-17","Павел","E-commerce","2024-11-12","2026-03-26",""
"2025-04-30","Дмитрий","Software Development","2024-11-12","2026-03-26",""
"2025-05-06","Ева","E-commerce","2024-11-12","2026-03-26",""
"2025-05-30","Анастасия","Healthcare","2024-11-12","2026-03-26","audio_2024-11-12_18-14-02.mp3 #309b4329"
"2025-06-16","Василий","Outsource","2024-11-12","2026-03-26","audio_2024-11-12_18-15-23.mp3 #aa3c7620"
"2025-07-30","Дима","E-commerce","2024-11-12","2026-03-26","audio_2024-11-12_18-15-34.mp3 #4ad72609"
"2025-08-13","Андрей","Software Development","2024-11-12","2026-03-26","audio_2024-11-12_18-15-38.mp3 #cf332d3f"
